insert into public.branches (
  id,
  slug,
  code,
  name_vi,
  name_en,
  summary_vi,
  summary_en,
  story_vi,
  story_en,
  highlights_vi,
  highlights_en,
  address_line1,
  address_line2,
  district,
  city,
  country,
  timezone,
  phone,
  email,
  map_url,
  hero_image_path,
  seo_title_vi,
  seo_title_en,
  seo_description_vi,
  seo_description_en,
  is_active,
  sort_order
) values
(
  '11111111-1111-1111-1111-111111111111',
  'central-district',
  'BR-CEN',
  'SK Boutique Hotel Central District',
  'SK Boutique Hotel Central District',
  'Trục vận hành chính với khu check-in nhanh, phòng tiêu chuẩn và concierge.',
  'The main operating branch with fast check-in, standard rooms, and concierge service.',
  'Chi nhánh trung tâm được thiết kế cho nhịp di chuyển nhanh, dễ tiếp cận và dịch vụ rõ ràng.',
  'The central branch is designed for fast movement, easy access, and clear service touchpoints.',
  ARRAY['Check-in nhanh', '24/7 concierge', 'Gần trung tâm']::text[],
  ARRAY['Fast check-in', '24/7 concierge', 'Near the city core']::text[],
  '12 Nguyen Hue',
  'Ward Ben Nghe',
  'District 1',
  'Ho Chi Minh City',
  'Vietnam',
  'Asia/Ho_Chi_Minh',
  '+84 28 0000 2020',
  'hello@skbh.vn',
  'https://maps.google.com/?q=12+Nguyen+Hue+District+1+Ho+Chi+Minh+City',
  'branches/central-district/hero.jpg',
  'SK Boutique Hotel Central District',
  'SK Boutique Hotel Central District',
  'Chi nhánh trung tâm với câu chuyện vận hành rõ ràng, phù hợp lưu trú ngắn ngày.',
  'The central branch with a clear operational story, suited for short stays.',
  true,
  1
),
(
  '22222222-2222-2222-2222-222222222222',
  'riverside',
  'BR-RIV',
  'SK Boutique Hotel Riverside',
  'SK Boutique Hotel Riverside',
  'Chi nhánh nhiều ánh sáng tự nhiên, phù hợp cho khách thích nhịp thư giãn hơn.',
  'A brighter branch suited to guests who want a calmer pace.',
  'Riverside giữ nhịp mềm hơn với các khu vực sáng, thoáng và phù hợp stay dài hơn.',
  'Riverside keeps a softer pace with brighter, more open spaces that suit longer stays.',
  ARRAY['Nhiều ánh sáng', 'Breakfast', 'Spa access']::text[],
  ARRAY['Natural light', 'Breakfast', 'Spa access']::text[],
  '88 Tran Hung Dao',
  'Ward Cua Nam',
  'District 1',
  'Ho Chi Minh City',
  'Vietnam',
  'Asia/Ho_Chi_Minh',
  '+84 28 0000 3030',
  'riverside@skbh.vn',
  'https://maps.google.com/?q=88+Tran+Hung+Dao+District+1+Ho+Chi+Minh+City',
  'branches/riverside/hero.jpg',
  'SK Boutique Hotel Riverside',
  'SK Boutique Hotel Riverside',
  'Chi nhánh Riverside với không gian sáng và dịch vụ cân bằng hơn.',
  'The Riverside branch with a brighter atmosphere and a more balanced service rhythm.',
  true,
  2
);

insert into public.branch_bank_accounts (
  id,
  branch_id,
  bank_name,
  bank_bin,
  account_name,
  account_number,
  account_label,
  qr_provider,
  is_default,
  is_active,
  sort_order
) values
(
  '66666666-6666-6666-6666-666666666661',
  '11111111-1111-1111-1111-111111111111',
  'Vietcombank',
  '970436',
  'SK Boutique Hotel Central',
  '0111000123456',
  'Central deposit account',
  'vietqr',
  true,
  true,
  1
),
(
  '66666666-6666-6666-6666-666666666662',
  '22222222-2222-2222-2222-222222222222',
  'MB Bank',
  '970422',
  'SK Boutique Hotel Riverside',
  '202420242024',
  'Riverside deposit account',
  'vietqr',
  true,
  true,
  1
);

insert into public.floors (
  id,
  branch_id,
  code,
  level_number,
  name_vi,
  name_en,
  notes_vi,
  notes_en,
  sort_order,
  is_active
) values
(
  '11111111-1111-1111-1111-111111111121',
  '11111111-1111-1111-1111-111111111111',
  'G1',
  1,
  'Tầng trệt',
  'Ground floor',
  'Khu sảnh và dịch vụ check-in.',
  'Lobby and check-in services.',
  1,
  true
),
(
  '11111111-1111-1111-1111-111111111122',
  '11111111-1111-1111-1111-111111111111',
  'L3',
  3,
  'Tầng 3',
  'Level 3',
  'Khu phòng Deluxe Bay View.',
  'Deluxe Bay View room floor.',
  2,
  true
),
(
  '22222222-2222-2222-2222-222222222221',
  '22222222-2222-2222-2222-222222222222',
  'G1',
  1,
  'Tầng trệt',
  'Ground floor',
  'Khu breakfast và sảnh chào đón.',
  'Breakfast area and welcome lobby.',
  1,
  true
),
(
  '22222222-2222-2222-2222-222222222223',
  '22222222-2222-2222-2222-222222222222',
  'L2',
  2,
  'Tầng 2',
  'Level 2',
  'Khu phòng Garden Studio và bay-facing rooms.',
  'Garden Studio and bay-facing rooms.',
  2,
  true
);

insert into public.room_types (
  id,
  slug,
  code,
  name_vi,
  name_en,
  summary_vi,
  summary_en,
  description_vi,
  description_en,
  story_vi,
  story_en,
  highlights_vi,
  highlights_en,
  occupancy_adults,
  occupancy_children,
  size_sqm,
  bed_type,
  base_price,
  weekend_surcharge,
  manual_override_price,
  show_public_price,
  cover_image_path,
  seo_title_vi,
  seo_title_en,
  seo_description_vi,
  seo_description_en,
  is_active,
  sort_order
) values
(
  '33333333-3333-3333-3333-333333333331',
  'deluxe-bay-view',
  'RT-DBV',
  'Deluxe Bay View',
  'Deluxe Bay View',
  'Phòng sáng, tối giản và hướng vịnh cho khách lưu trú ngắn ngày.',
  'Bright and minimal room facing the bay for short stays.',
  'Phòng Deluxe Bay View có cấu trúc content rõ ràng cho ảnh lớn, mô tả gọn và CTA giữ phòng.',
  'The Deluxe Bay View room has a clear content structure for large imagery, concise copy, and a hold CTA.',
  'Không gian sáng và tối giản.',
  'A bright and minimal space.',
  ARRAY['Không gian sáng', 'Hướng vịnh', 'Giữ phòng manual-first']::text[],
  ARRAY['Bright layout', 'Bay view', 'Manual-first hold']::text[],
  2,
  0,
  32.00,
  'King',
  2400000.00,
  250000.00,
  NULL,
  true,
  'room-types/deluxe-bay-view/cover.jpg',
  'Deluxe Bay View',
  'Deluxe Bay View',
  'Phòng Deluxe Bay View với mô tả song ngữ, amenities và related rooms.',
  'Deluxe Bay View room with bilingual copy, amenities, and related rooms.',
  true,
  1
),
(
  '33333333-3333-3333-3333-333333333332',
  'heritage-suite',
  'RT-HSU',
  'Heritage Suite',
  'Heritage Suite',
  'Suite rộng hơn cho khách cần cảm giác ở lại lâu hơn và riêng tư hơn.',
  'A larger suite for guests who want more privacy and a longer-stay feel.',
  'Heritage Suite giữ câu chuyện boutique sang nhưng không phô trương.',
  'The Heritage Suite keeps the boutique story refined without being flashy.',
  'Rộng rãi hơn room tiêu chuẩn.',
  'Larger than the standard rooms.',
  ARRAY['Rộng rãi', 'Không gian riêng tư', 'Phù hợp stay dài']::text[],
  ARRAY['Spacious', 'Private feel', 'Good for longer stays']::text[],
  4,
  0,
  48.00,
  'King',
  3800000.00,
  350000.00,
  4200000.00,
  true,
  'room-types/heritage-suite/cover.jpg',
  'Heritage Suite',
  'Heritage Suite',
  'Heritage Suite dành cho khách cần một trải nghiệm rộng rãi hơn và sang hơn.',
  'Heritage Suite is designed for guests who want a larger, more luxurious experience.',
  true,
  2
),
(
  '33333333-3333-3333-3333-333333333333',
  'garden-studio',
  'RT-GST',
  'Garden Studio',
  'Garden Studio',
  'Studio nhẹ, đủ sáng và phù hợp với khách ưu tiên giá trị tinh gọn.',
  'A light studio for guests who prefer a concise value proposition.',
  'Garden Studio là room type tinh gọn nhưng vẫn giữ cảm giác premium.',
  'Garden Studio is a concise room type that still feels premium.',
  'Tối ưu cho rate entry.',
  'Optimized for entry rate.',
  ARRAY['Tinh gọn', 'Giá trị rõ', 'Dễ đặt giữ']::text[],
  ARRAY['Compact', 'Clear value', 'Easy to hold']::text[],
  2,
  0,
  28.00,
  'Queen',
  1900000.00,
  200000.00,
  NULL,
  true,
  'room-types/garden-studio/cover.jpg',
  'Garden Studio',
  'Garden Studio',
  'Garden Studio là room type tinh gọn cho khách muốn giá trị dễ hiểu.',
  'Garden Studio is a concise room type for guests who want a clear value proposition.',
  true,
  3
);

insert into public.rooms (
  id,
  branch_id,
  floor_id,
  room_type_id,
  code,
  notes_vi,
  notes_en,
  status,
  is_active
) values
(
  '44444444-4444-4444-4444-444444444441',
  '11111111-1111-1111-1111-111111111111',
  '11111111-1111-1111-1111-111111111122',
  '33333333-3333-3333-3333-333333333331',
  '301',
  'Phòng mẫu cho Deluxe Bay View.',
  'Sample room for Deluxe Bay View.',
  'available',
  true
),
(
  '44444444-4444-4444-4444-444444444442',
  '11111111-1111-1111-1111-111111111111',
  '11111111-1111-1111-1111-111111111122',
  '33333333-3333-3333-3333-333333333332',
  '401',
  'Suite mẫu của chi nhánh trung tâm.',
  'Sample suite for the central branch.',
  'held',
  true
),
(
  '44444444-4444-4444-4444-444444444443',
  '22222222-2222-2222-2222-222222222222',
  '22222222-2222-2222-2222-222222222223',
  '33333333-3333-3333-3333-333333333333',
  '201',
  'Phòng sáng hơn dành cho Garden Studio.',
  'Brighter room for Garden Studio.',
  'available',
  true
),
(
  '44444444-4444-4444-4444-444444444444',
  '22222222-2222-2222-2222-222222222222',
  '22222222-2222-2222-2222-222222222221',
  '33333333-3333-3333-3333-333333333331',
  '101',
  'Phòng bay-view mẫu ở Riverside.',
  'Sample bay-view room at Riverside.',
  'maintenance',
  true
);

insert into public.customers (
  id,
  auth_user_id,
  full_name,
  email,
  phone,
  preferred_locale,
  marketing_consent,
  marketing_consent_at,
  marketing_consent_source,
  source,
  notes,
  last_seen_at
) values
(
  '55555555-5555-5555-5555-555555555551',
  null,
  'Demo Guest',
  'demo.guest@skbh.vn',
  '+84 900 000 000',
  'vi',
  true,
  now(),
  'seed',
  'seed',
  'Seed row for local development and schema inspection.',
  now()
),
-- Linked to auth users by scripts/seed-auth-users.mjs after auth seeding.
(
  '55555555-5555-5555-5555-555555555552',
  null,
  'Demo Member',
  'member@skbh.vn',
  '+84 901 111 111',
  'vi',
  true,
  now(),
  'seed',
  'auth_seed',
  'Seed row linked to the local member auth account.',
  now()
)
on conflict (email) do update set
  full_name = excluded.full_name,
  phone = excluded.phone,
  preferred_locale = excluded.preferred_locale,
  marketing_consent = excluded.marketing_consent,
  marketing_consent_at = excluded.marketing_consent_at,
  marketing_consent_source = excluded.marketing_consent_source,
  source = excluded.source,
  notes = excluded.notes,
  last_seen_at = excluded.last_seen_at;
